NOMBRE;ESTADOS ID
AGUASCALIENTES;1
SAN FRANCISCO DE LOS ROMO;1
EL LLANO;1
RINCÓN DE ROMOS;1
COSÍO;1
SAN JOSÉ DE GRACIA;1
TEPEZALÁ;1
PABELLÓN DE ARTEAGA;1
ASIENTOS;1
CALVILLO;1
JESÚS MARÍA;1
MEXICALI;2
TECATE;2
SAN FELIPE;2
TIJUANA;2
PLAYAS DE ROSARITO;2
ENSENADA;2
SAN QUINTÍN;2
LA PAZ;3
LOS CABOS;3
COMONDÚ;3
LORETO;3
MULEGÉ;3
CAMPECHE;4
CARMEN;4
PALIZADA;4
CANDELARIA;4
ESCÁRCEGA;4
CHAMPOTÓN;4
SEYBAPLAYA;4
HOPELCHÉN;4
CALAKMUL;4
TENABO;4
HECELCHAKÁN;4
CALKINÍ;4
SALTILLO;5
ARTEAGA;5
JUÁREZ;5
PROGRESO;5
ESCOBEDO;5
SAN BUENAVENTURA;5
ABASOLO;5
CANDELA;5
FRONTERA;5
MONCLOVA;5
CASTAÑOS;5
RAMOS ARIZPE;5
GENERAL CEPEDA;5
PIEDRAS NEGRAS;5
NAVA;5
ACUÑA;5
MÚZQUIZ;5
JIMÉNEZ;5
ZARAGOZA;5
MORELOS;5
ALLENDE;5
VILLA UNIÓN;5
GUERRERO;5
HIDALGO;5
SABINAS;5
SAN JUAN DE SABINAS;5
TORREÓN;5
MATAMOROS;5
VIESCA;5
OCAMPO;5
NADADORES;5
SIERRA MOJADA;5
CUATRO CIÉNEGAS;5
LAMADRID;5
SACRAMENTO;5
SAN PEDRO;5
FRANCISCO I. MADERO;5
PARRAS;5
COLIMA;6
TECOMÁN;6
MANZANILLO;6
ARMERÍA;6
COQUIMATLÁN;6
COMALA;6
CUAUHTÉMOC;6
IXTLAHUACÁN;6
MINATITLÁN;6
VILLA DE ÁLVAREZ;6
TUXTLA GUTIÉRREZ;7
SAN FERNANDO;7
BERRIOZÁBAL;7
OCOZOCOAUTLA DE ESPINOSA;7
SUCHIAPA;7
CHIAPA DE CORZO;7
OSUMACINTA;7
SAN CRISTÓBAL DE LAS CASAS;7
CHAMULA;7
IXTAPA;7
ZINACANTÁN;7
ACALA;7
EMILIANO ZAPATA;7
CHIAPILLA;7
SAN LUCAS;7
TEOPISCA;7
AMATENANGO DEL VALLE;7
CHANAL;7
OXCHUC;7
HUIXTÁN;7
TENEJAPA;7
MITONTIC;7
REFORMA;7
JUÁREZ;7
PICHUCALCO;7
SUNUAPA;7
OSTUACÁN;7
FRANCISCO LEÓN;7
IXTACOMITÁN;7
SOLOSUCHIAPA;7
IXTAPANGAJOYA;7
MEZCALAPA;7
TECPATÁN;7
COPAINALÁ;7
CHICOASÉN;7
COAPILLA;7
PANTEPEC;7
TAPALAPA;7
OCOTEPEC;7
CHAPULTENANGO;7
AMATÁN;7
HUITIUPÁN;7
IXHUATÁN;7
TAPILULA;7
RAYÓN;7
PUEBLO NUEVO SOLISTAHUACÁN;7
RINCÓN CHAMULA SAN PEDRO;7
JITOTOL;7
BOCHIL;7
SOYALÓ;7
SAN JUAN CANCUC;7
SABANILLA;7
SIMOJOVEL;7
SAN ANDRÉS DURAZNAL;7
EL BOSQUE;7
CHALCHIHUITÁN;7
LARRÁINZAR;7
SANTIAGO EL PINAR;7
CHENALHÓ;7
ALDAMA;7
PANTELHÓ;7
SITALÁ;7
SALTO DE AGUA;7
TILA;7
TUMBALÁ;7
YAJALÓN;7
OCOSINGO;7
CHILÓN;7
BENEMÉRITO DE LAS AMÉRICAS;7
MARQUÉS DE COMILLAS;7
PALENQUE;7
LA LIBERTAD;7
CATAZAJÁ;7
COMITÁN DE DOMÍNGUEZ;7
TZIMOL;7
CHICOMUSELO;7
BELLA VISTA;7
FRONTERA COMALAPA;7
LA TRINITARIA;7
LA INDEPENDENCIA;7
MARAVILLA TENEJAPA;7
LAS MARGARITAS;7
ALTAMIRANO;7
VENUSTIANO CARRANZA;7
TOTOLAPA;7
NICOLÁS RUÍZ;7
LAS ROSAS;7
LA CONCORDIA;7
ÁNGEL ALBINO CORZO;7
MONTECRISTO DE GUERRERO;7
SOCOLTENANGO;7
CINTALAPA;7
JIQUIPILAS;7
ARRIAGA;7
VILLAFLORES;7
TONALÁ;7
VILLA CORZO;7
EL PARRAL;7
PIJIJIAPAN;7
MAPASTEPEC;7
ACAPETAHUA;7
ACACOYAGUA;7
ESCUINTLA;7
VILLA COMALTITLÁN;7
HUIXTLA;7
MAZATÁN;7
HUEHUETÁN;7
TUZANTÁN;7
TAPACHULA;7
SUCHIATE;7
FRONTERA HIDALGO;7
METAPA;7
TUXTLA CHICO;7
UNIÓN JUÁREZ;7
CACAHOATÁN;7
MOTOZINTLA;7
MAZAPA DE MADERO;7
AMATENANGO DE LA FRONTERA;7
BEJUCAL DE OCAMPO;7
LA GRANDEZA;7
EL PORVENIR;7
SILTEPEC;7
HONDURAS DE LA SIERRA;7
CAPITÁN LUIS ÁNGEL VIDAL;7
CHIHUAHUA;8
CUAUHTÉMOC;8
RIVA PALACIO;8
AQUILES SERDÁN;8
BACHÍNIVA;8
GUERRERO;8
NUEVO CASAS GRANDES;8
ASCENSIÓN;8
JANOS;8
CASAS GRANDES;8
GALEANA;8
BUENAVENTURA;8
GÓMEZ FARÍAS;8
IGNACIO ZARAGOZA;8
MADERA;8
NAMIQUIPA;8
TEMÓSACHIC;8
MATACHÍ;8
JUÁREZ;8
GUADALUPE;8
PRAXEDIS G. GUERRERO;8
AHUMADA;8
COYAME DEL SOTOL;8
OJINAGA;8
ALDAMA;8
JULIMES;8
MANUEL BENAVIDES;8
DELICIAS;8
ROSALES;8
MEOQUI;8
DR. BELISARIO DOMÍNGUEZ;8
SATEVÓ;8
SAN FRANCISCO DE BORJA;8
NONOAVA;8
GUACHOCHI;8
BOCOYNA;8
CUSIHUIRIACHI;8
GRAN MORELOS;8
SANTA ISABEL;8
CARICHÍ;8
URUACHI;8
OCAMPO;8
MORIS;8
CHÍNIPAS;8
MAGUARICHI;8
GUAZAPARES;8
BATOPILAS DE MANUEL GÓMEZ MORÍN;8
URIQUE;8
MORELOS;8
GUADALUPE Y CALVO;8
SAN FRANCISCO DEL ORO;8
ROSARIO;8
HUEJOTITÁN;8
EL TULE;8
BALLEZA;8
SANTA BÁRBARA;8
CAMARGO;8
SAUCILLO;8
VALLE DE ZARAGOZA;8
LA CRUZ;8
SAN FRANCISCO DE CONCHOS;8
HIDALGO DEL PARRAL;8
ALLENDE;8
LÓPEZ;8
MATAMOROS;8
JIMÉNEZ;8
CORONADO;8
ÁLVARO OBREGÓN;9
AZCAPOTZALCO;9
BENITO JUÁREZ;9
COYOACÁN;9
CUAJIMALPA DE MORELOS;9
CUAUHTÉMOC;9
GUSTAVO A. MADERO;9
IZTACALCO;9
IZTAPALAPA;9
LA MAGDALENA CONTRERAS;9
MIGUEL HIDALGO;9
MILPA ALTA;9
TLÁHUAC;9
TLALPAN;9
VENUSTIANO CARRANZA;9
XOCHIMILCO;9
DURANGO;10
CANATLÁN;10
NUEVO IDEAL;10
CONETO DE COMONFORT;10
SAN JUAN DEL RÍO;10
CANELAS;10
TOPIA;10
TAMAZULA;10
SANTIAGO PAPASQUIARO;10
OTÁEZ;10
SAN DIMAS;10
GUADALUPE VICTORIA;10
PEÑÓN BLANCO;10
PÁNUCO DE CORONADO;10
POANAS;10
NOMBRE DE DIOS;10
VICENTE GUERRERO;10
SÚCHIL;10
PUEBLO NUEVO;10
MEZQUITAL;10
GÓMEZ PALACIO;10
LERDO;10
MAPIMÍ;10
TLAHUALILO;10
HIDALGO;10
OCAMPO;10
GUANACEVÍ;10
SAN BERNARDO;10
INDÉ;10
SAN PEDRO DEL GALLO;10
TEPEHUANES;10
EL ORO;10
NAZAS;10
SAN LUIS DEL CORDERO;10
RODEO;10
CUENCAMÉ;10
SANTA CLARA;10
SAN JUAN DE GUADALUPE;10
GENERAL SIMÓN BOLÍVAR;10
GUANAJUATO;11
SILAO DE LA VICTORIA;11
ROMITA;11
SAN FRANCISCO DEL RINCÓN;11
PURÍSIMA DEL RINCÓN;11
MANUEL DOBLADO;11
IRAPUATO;11
SALAMANCA;11
PUEBLO NUEVO;11
PÉNJAMO;11
CUERÁMARO;11
ABASOLO;11
HUANÍMARO;11
LEÓN;11
SAN FELIPE;11
OCAMPO;11
SAN MIGUEL DE ALLENDE;11
DOLORES HIDALGO CUNA DE LA INDEPENDENCIA NACIONAL;11
SAN DIEGO DE LA UNIÓN;11
SAN LUIS DE LA PAZ;11
VICTORIA;11
XICHÚ;11
ATARJEA;11
SANTA CATARINA;11
DOCTOR MORA;11
TIERRA BLANCA;11
SAN JOSÉ ITURBIDE;11
CELAYA;11
APASEO EL GRANDE;11
COMONFORT;11
SANTA CRUZ DE JUVENTINO ROSAS;11
VILLAGRÁN;11
CORTAZAR;11
VALLE DE SANTIAGO;11
JARAL DEL PROGRESO;11
APASEO EL ALTO;11
JERÉCUARO;11
CORONEO;11
ACÁMBARO;11
TARIMORO;11
TARANDACUAO;11
MOROLEÓN;11
SALVATIERRA;11
YURIRIA;11
SANTIAGO MARAVATÍO;11
URIANGATO;11
CHILPANCINGO DE LOS BRAVO;12
GENERAL HELIODORO CASTILLO;12
LEONARDO BRAVO;12
TIXTLA DE GUERRERO;12
AYUTLA DE LOS LIBRES;12
MOCHITLÁN;12
QUECHULTENANGO;12
TECOANAPA;12
ACAPULCO DE JUÁREZ;12
JUAN R. ESCUDERO;12
SAN MARCOS;12
IGUALA DE LA INDEPENDENCIA;12
HUITZUCO DE LOS FIGUEROA;12
TEPECOACUILCO DE TRUJANO;12
EDUARDO NERI;12
TAXCO DE ALARCÓN;12
BUENAVISTA DE CUÉLLAR;12
TETIPAC;12
PILCAYA;12
TELOLOAPAN;12
IXCATEOPAN DE CUAUHTÉMOC;12
PEDRO ASCENCIO ALQUISIRAS;12
GENERAL CANUTO A. NERI;12
ARCELIA;12
APAXTLA;12
CUETZALA DEL PROGRESO;12
COCULA;12
TLAPEHUALA;12
CUTZAMALA DE PINZÓN;12
PUNGARABATO;12
TLALCHAPA;12
COYUCA DE CATALÁN;12
AJUCHITLÁN DEL PROGRESO;12
ZIRÁNDARO;12
SAN MIGUEL TOTOLAPAN;12
LA UNIÓN DE ISIDORO MONTES DE OCA;12
PETATLÁN;12
COAHUAYUTLA DE JOSÉ MARÍA IZAZAGA;12
ZIHUATANEJO DE AZUETA;12
TÉCPAN DE GALEANA;12
ATOYAC DE ÁLVAREZ;12
BENITO JUÁREZ;12
COYUCA DE BENÍTEZ;12
OLINALÁ;12
ATENANGO DEL RÍO;12
COPALILLO;12
CUALÁC;12
CHILAPA DE ÁLVAREZ;12
JOSÉ JOAQUÍN DE HERRERA;12
AHUACUOTZINGO;12
ZITLALA;12
MÁRTIR DE CUILAPAN;12
HUAMUXTITLÁN;12
XOCHIHUEHUETLÁN;12
ALPOYECA;12
TLAPA DE COMONFORT;12
TLALIXTAQUILLA DE MALDONADO;12
XALPATLÁHUAC;12
ZAPOTITLÁN TABLAS;12
ACATEPEC;12
ATLIXTAC;12
COPANATOYAC;12
MALINALTEPEC;12
ILIATENCO;12
TLACOAPA;12
ATLAMAJALCINGO DEL MONTE;12
SAN LUIS ACATLÁN;12
METLATÓNOC;12
COCHOAPA EL GRANDE;12
ALCOZAUCA DE GUERRERO;12
OMETEPEC;12
TLACOACHISTLAHUACA;12
XOCHISTLAHUACA;12
FLORENCIO VILLARREAL;12
CUAUTEPEC;12
COPALA;12
AZOYÚ;12
JUCHITÁN;12
MARQUELIA;12
CUAJINICUILAPA;12
IGUALAPA;12
PACHUCA DE SOTO;13
MINERAL DEL CHICO;13
MINERAL DEL MONTE;13
AJACUBA;13
SAN AGUSTÍN TLAXIACA;13
MINERAL DE LA REFORMA;13
ZAPOTLÁN DE JUÁREZ;13
JACALA DE LEDEZMA;13
PISAFLORES;13
PACULA;13
LA MISIÓN;13
CHAPULHUACÁN;13
IXMIQUILPAN;13
ZIMAPÁN;13
NICOLÁS FLORES;13
CARDONAL;13
TASQUILLO;13
ALFAJAYUCAN;13
HUICHAPAN;13
TECOZAUTLA;13
NOPALA DE VILLAGRÁN;13
ACTOPAN;13
SANTIAGO DE ANAYA;13
SAN SALVADOR;13
FRANCISCO I. MADERO;13
EL ARENAL;13
MIXQUIAHUALA DE JUÁREZ;13
PROGRESO DE OBREGÓN;13
CHILCUAUTLA;13
TEZONTEPEC DE ALDAMA;13
TLAHUELILPAN;13
TULA DE ALLENDE;13
TEPEJI DEL RÍO DE OCAMPO;13
CHAPANTONGO;13
TEPETITLÁN;13
TETEPANGO;13
TLAXCOAPAN;13
ATITALAQUIA;13
ATOTONILCO DE TULA;13
HUEJUTLA DE REYES;13
SAN FELIPE ORIZATLÁN;13
JALTOCÁN;13
HUAUTLA;13
ATLAPEXCO;13
HUAZALINGO;13
YAHUALICA;13
XOCHIATIPAN;13
MOLANGO DE ESCAMILLA;13
TEPEHUACÁN DE GUERRERO;13
LOLOTLA;13
TLANCHINOL;13
TLAHUILTEPA;13
JUÁREZ HIDALGO;13
ZACUALTIPÁN DE ÁNGELES;13
CALNALI;13
XOCHICOATLÁN;13
TIANGUISTENGO;13
ATOTONILCO EL GRANDE;13
ELOXOCHITLÁN;13
METZTITLÁN;13
SAN AGUSTÍN METZQUITITLÁN;13
METEPEC;13
HUEHUETLA;13
SAN BARTOLO TUTOTEPEC;13
AGUA BLANCA DE ITURBIDE;13
TENANGO DE DORIA;13
HUASCA DE OCAMPO;13
ACATLÁN;13
OMITLÁN DE JUÁREZ;13
EPAZOYUCAN;13
TULANCINGO DE BRAVO;13
ACAXOCHITLÁN;13
CUAUTEPEC DE HINOJOSA;13
SANTIAGO TULANTEPEC DE LUGO GUERRERO;13
SINGUILUCAN;13
TIZAYUCA;13
ZEMPOALA;13
TOLCAYUCA;13
VILLA DE TEZONTEPEC;13
APAN;13
TLANALAPA;13
ALMOLOYA;13
EMILIANO ZAPATA;13
TEPEAPULCO;13
GUADALAJARA;14
ZAPOPAN;14
SAN CRISTÓBAL DE LA BARRANCA;14
IXTLAHUACÁN DEL RÍO;14
TALA;14
EL ARENAL;14
AMATITÁN;14
TONALÁ;14
ZAPOTLANEJO;14
ACATIC;14
CUQUÍO;14
SAN PEDRO TLAQUEPAQUE;14
TLAJOMULCO DE ZÚÑIGA;14
EL SALTO;14
ACATLÁN DE JUÁREZ;14
VILLA CORONA;14
ZACOALCO DE TORRES;14
ATEMAJAC DE BRIZUELA;14
JOCOTEPEC;14
IXTLAHUACÁN DE LOS MEMBRILLOS;14
JUANACATLÁN;14
CHAPALA;14
PONCITLÁN;14
ZAPOTLÁN DEL REY;14
HUEJUQUILLA EL ALTO;14
MEZQUITIC;14
VILLA GUERRERO;14
BOLAÑOS;14
TOTATICHE;14
COLOTLÁN;14
SANTA MARÍA DE LOS ÁNGELES;14
HUEJÚCAR;14
CHIMALTITÁN;14
SAN MARTÍN DE BOLAÑOS;14
TEQUILA;14
HOSTOTIPAQUILLO;14
MAGDALENA;14
ETZATLÁN;14
SAN MARCOS;14
SAN JUANITO DE ESCOBEDO;14
AMECA;14
AHUALULCO DE MERCADO;14
TEUCHITLÁN;14
SAN MARTÍN HIDALGO;14
GUACHINANGO;14
MIXTLÁN;14
MASCOTA;14
SAN SEBASTIÁN DEL OESTE;14
SAN JUAN DE LOS LAGOS;14
JALOSTOTITLÁN;14
SAN MIGUEL EL ALTO;14
SAN JULIÁN;14
ARANDAS;14
SAN IGNACIO CERRO GORDO;14
TEOCALTICHE;14
VILLA HIDALGO;14
ENCARNACIÓN DE DÍAZ;14
YAHUALICA DE GONZÁLEZ GALLO;14
MEXTICACÁN;14
CAÑADAS DE OBREGÓN;14
VALLE DE GUADALUPE;14
LAGOS DE MORENO;14
OJUELOS DE JALISCO;14
UNIÓN DE SAN ANTONIO;14
SAN DIEGO DE ALEJANDRÍA;14
TEPATITLÁN DE MORELOS;14
TOTOTLÁN;14
ATOTONILCO EL ALTO;14
OCOTLÁN;14
JAMAY;14
LA BARCA;14
AYOTLÁN;14
JESÚS MARÍA;14
DEGOLLADO;14
UNIÓN DE TULA;14
AYUTLA;14
ATENGUILLO;14
CUAUTLA;14
ATENGO;14
TALPA DE ALLENDE;14
PUERTO VALLARTA;14
CABO CORRIENTES;14
TOMATLÁN;14
COCULA;14
TECOLOTLÁN;14
TENAMAXTLÁN;14
JUCHITLÁN;14
CHIQUILISTLÁN;14
EJUTLA;14
EL LIMÓN;14
EL GRULLO;14
TONAYA;14
TUXCACUESCO;14
VILLA PURIFICACIÓN;14
LA HUERTA;14
AUTLÁN DE NAVARRO;14
CASIMIRO CASTILLO;14
CUAUTITLÁN DE GARCÍA BARRAGÁN;14
CIHUATLÁN;14
ZAPOTLÁN EL GRANDE;14
GÓMEZ FARÍAS;14
CONCEPCIÓN DE BUENOS AIRES;14
ATOYAC;14
TECHALUTA DE MONTENEGRO;14
TEOCUITATLÁN DE CORONA;14
SAYULA;14
TAPALPA;14
AMACUECA;14
TIZAPÁN EL ALTO;14
TUXCUECA;14
LA MANZANILLA DE LA PAZ;14
MAZAMITLA;14
VALLE DE JUÁREZ;14
QUITUPAN;14
ZAPOTILTIC;14
TAMAZULA DE GORDIANO;14
SAN GABRIEL;14
TOLIMÁN;14
ZAPOTITLÁN DE VADILLO;14
TUXPAN;14
TONILA;14
PIHUAMO;14
TECALITLÁN;14
JILOTLÁN DE LOS DOLORES;14
SANTA MARÍA DEL ORO;14
TOLUCA;15
ACAMBAY DE RUÍZ CASTAÑEDA;15
ACULCO;15
TEMASCALCINGO;15
ATLACOMULCO;15
TIMILPAN;15
MORELOS;15
EL ORO;15
SAN FELIPE DEL PROGRESO;15
SAN JOSÉ DEL RINCÓN;15
JOCOTITLÁN;15
IXTLAHUACA;15
JIQUIPILCO;15
TEMOAYA;15
ALMOLOYA DE JUÁREZ;15
VILLA VICTORIA;15
VILLA DE ALLENDE;15
DONATO GUERRA;15
IXTAPAN DEL ORO;15
SANTO TOMÁS;15
OTZOLOAPAN;15
ZACAZONAPAN;15
VALLE DE BRAVO;15
AMANALCO;15
TEMASCALTEPEC;15
ZINACANTEPEC;15
TEJUPILCO;15
LUVIANOS;15
SAN SIMÓN DE GUERRERO;15
AMATEPEC;15
TLATLAYA;15
SULTEPEC;15
TEXCALTITLÁN;15
COATEPEC HARINAS;15
VILLA GUERRERO;15
ZACUALPAN;15
ALMOLOYA DE ALQUISIRAS;15
IXTAPAN DE LA SAL;15
TONATICO;15
ZUMPAHUACÁN;15
LERMA;15
XONACATLÁN;15
OTZOLOTEPEC;15
SAN MATEO ATENCO;15
METEPEC;15
MEXICALTZINGO;15
CALIMAYA;15
CHAPULTEPEC;15
SAN ANTONIO LA ISLA;15
TENANGO DEL VALLE;15
RAYÓN;15
JOQUICINGO;15
TENANCINGO;15
MALINALCO;15
OCUILAN;15
ATIZAPÁN;15
ALMOLOYA DEL RÍO;15
TEXCALYACAC;15
TIANGUISTENCO;15
XALATLACO;15
CAPULHUAC;15
OCOYOACAC;15
HUIXQUILUCAN;15
ATIZAPÁN DE ZARAGOZA;15
NAUCALPAN DE JUÁREZ;15
TLALNEPANTLA DE BAZ;15
POLOTITLÁN;15
JILOTEPEC;15
SOYANIQUILPAN DE JUÁREZ;15
VILLA DEL CARBÓN;15
CHAPA DE MOTA;15
NICOLÁS ROMERO;15
ISIDRO FABELA;15
JILOTZINGO;15
TEPOTZOTLÁN;15
COYOTEPEC;15
HUEHUETOCA;15
CUAUTITLÁN IZCALLI;15
TEOLOYUCAN;15
CUAUTITLÁN;15
MELCHOR OCAMPO;15
TULTITLÁN;15
TULTEPEC;15
ECATEPEC DE MORELOS;15
ZUMPANGO;15
TEQUIXQUIAC;15
APAXCO;15
HUEYPOXTLA;15
COACALCO DE BERRIOZÁBAL;15
TECÁMAC;15
JALTENCO;15
TONANITLA;15
NEXTLALPAN;15
TEOTIHUACÁN;15
SAN MARTÍN DE LAS PIRÁMIDES;15
ACOLMAN;15
OTUMBA;15
AXAPUSCO;15
NOPALTEPEC;15
TEMASCALAPA;15
TEZOYUCA;15
CHIAUTLA;15
PAPALOTLA;15
TEPETLAOXTOC;15
TEXCOCO;15
CHICONCUAC;15
ATENCO;15
CHIMALHUACÁN;15
CHICOLOAPAN;15
LA PAZ;15
IXTAPALUCA;15
CHALCO;15
VALLE DE CHALCO SOLIDARIDAD;15
TEMAMATLA;15
COCOTITLÁN;15
TLALMANALCO;15
AYAPANGO;15
TENANGO DEL AIRE;15
OZUMBA;15
JUCHITEPEC;15
TEPETLIXPA;15
AMECAMECA;15
ATLAUTLA;15
ECATZINGO;15
NEZAHUALCÓYOTL;15
MORELIA;16
HUANIQUEO;16
COENEO;16
QUIROGA;16
TZINTZUNTZAN;16
LAGUNILLAS;16
ACUITZIO;16
MADERO;16
PURUÁNDIRO;16
JOSÉ SIXTO VERDUZCO;16
ANGAMACUTIRO;16
PANINDÍCUARO;16
ZACAPU;16
TLAZAZALCA;16
PURÉPERO;16
JIMÉNEZ;16
MORELOS;16
HUANDACAREO;16
CUITZEO;16
CHUCÁNDIRO;16
COPÁNDARO;16
TARÍMBARO;16
SANTA ANA MAYA;16
ÁLVARO OBREGÓN;16
ZINAPÉCUARO;16
INDAPARAPEO;16
QUERÉNDARO;16
SAHUAYO;16
BRISEÑAS;16
COJUMATLÁN DE RÉGULES;16
VENUSTIANO CARRANZA;16
PAJACUARÁN;16
VISTA HERMOSA;16
TANHUATO;16
YURÉCUARO;16
IXTLÁN;16
LA PIEDAD;16
NUMARÁN;16
CHURINTZIO;16
ZINÁPARO;16
PENJAMILLO;16
MARCOS CASTELLANOS;16
JIQUILPAN;16
VILLAMAR;16
CHAVINDA;16
ZAMORA;16
ECUANDUREO;16
TANGANCÍCUARO;16
CHILCHOTA;16
JACONA;16
TANGAMANDAPIO;16
COTIJA;16
TOCUMBO;16
TINGÜINDÍN;16
URUAPAN;16
CHARAPAN;16
PARACHO;16
CHERÁN;16
NAHUATZEN;16
TINGAMBATO;16
LOS REYES;16
PERIBÁN;16
TANCÍTARO;16
NUEVO PARANGARICUTIRO;16
BUENAVISTA;16
TEPALCATEPEC;16
AGUILILLA;16
APATZINGÁN;16
PARÁCUARO;16
COAHUAYANA;16
CHINICUILA;16
COALCOMÁN DE VÁZQUEZ PALLARES;16
AQUILA;16
TUMBISCATÍO;16
ARTEAGA;16
LÁZARO CÁRDENAS;16
EPITACIO HUERTA;16
CONTEPEC;16
TLALPUJAHUA;16
HIDALGO;16
MARAVATÍO;16
IRIMBO;16
SENGUIO;16
CHARO;16
TZITZIO;16
TIQUICHEO DE NICOLÁS ROMERO;16
APORO;16
ANGANGUEO;16
TUXPAN;16
OCAMPO;16
JUNGAPEO;16
ZITÁCUARO;16
TUZANTLA;16
JUÁREZ;16
SUSUPUATO;16
PÁTZCUARO;16
ERONGARÍCUARO;16
HUIRAMBA;16
TACÁMBARO;16
TURICATO;16
ZIRACUARETIRO;16
TARETAN;16
GABRIEL ZAMORA;16
NUEVO URECHO;16
MÚGICA;16
SALVADOR ESCALANTE;16
ARIO;16
LA HUACANA;16
CHURUMUCO;16
NOCUPÉTARO;16
CARÁCUARO;16
HUETAMO;16
SAN LUCAS;16
CUERNAVACA;17
HUITZILAC;17
TEPOZTLÁN;17
TLALNEPANTLA;17
TLAYACAPAN;17
JIUTEPEC;17
TEMIXCO;17
MIACATLÁN;17
COATETELCO;17
COATLÁN DEL RÍO;17
TETECALA;17
MAZATEPEC;17
AMACUZAC;17
PUENTE DE IXTLA;17
XOXOCOTLA;17
AYALA;17
YAUTEPEC;17
CUAUTLA;17
EMILIANO ZAPATA;17
TLALTIZAPÁN DE ZAPATA;17
ZACATEPEC;17
XOCHITEPEC;17
TETELA DEL VOLCÁN;17
HUEYAPAN;17
YECAPIXTLA;17
TOTOLAPAN;17
ATLATLAHUCAN;17
OCUITUCO;17
TEMOAC;17
ZACUALPAN DE AMILPAS;17
JOJUTLA;17
TEPALCINGO;17
JONACATEPEC DE LEANDRO VALLE;17
AXOCHIAPAN;17
JANTETELCO;17
TLAQUILTENANGO;17
TEPIC;18
TUXPAN;18
SANTIAGO IXCUINTLA;18
ACAPONETA;18
TECUALA;18
HUAJICORI;18
DEL NAYAR;18
LA YESCA;18
RUÍZ;18
ROSAMORADA;18
COMPOSTELA;18
BAHÍA DE BANDERAS;18
SAN BLAS;18
XALISCO;18
SAN PEDRO LAGUNILLAS;18
SANTA MARÍA DEL ORO;18
JALA;18
AHUACATLÁN;18
IXTLÁN DEL RÍO;18
AMATLÁN DE CAÑAS;18
MONTERREY;19
ANÁHUAC;19
LAMPAZOS DE NARANJO;19
MINA;19
BUSTAMANTE;19
SABINAS HIDALGO;19
VILLALDAMA;19
VALLECILLO;19
PARÁS;19
SALINAS VICTORIA;19
CIÉNEGA DE FLORES;19
HIDALGO;19
ABASOLO;19
HIGUERAS;19
GENERAL ZUAZUA;19
AGUALEGUAS;19
GENERAL TREVIÑO;19
CERRALVO;19
MELCHOR OCAMPO;19
GARCÍA;19
GENERAL ESCOBEDO;19
SANTA CATARINA;19
SAN PEDRO GARZA GARCÍA;19
SAN NICOLÁS DE LOS GARZA;19
EL CARMEN;19
APODACA;19
PESQUERÍA;19
MARÍN;19
DOCTOR GONZÁLEZ;19
LOS RAMONES;19
LOS HERRERAS;19
LOS ALDAMAS;19
DOCTOR COSS;19
GENERAL BRAVO;19
CHINA;19
GUADALUPE;19
JUÁREZ;19
SANTIAGO;19
ALLENDE;19
GENERAL TERÁN;19
CADEREYTA JIMÉNEZ;19
MONTEMORELOS;19
RAYONES;19
LINARES;19
ITURBIDE;19
GALEANA;19
HUALAHUISES;19
DOCTOR ARROYO;19
ARAMBERRI;19
GENERAL ZARAGOZA;19
MIER Y NORIEGA;19
OAXACA DE JUÁREZ;20
VILLA DE ETLA;20
SAN JUAN BAUTISTA ATATLAHUCA;20
SAN JERÓNIMO SOSOLA;20
SAN JUAN BAUTISTA JAYACATLÁN;20
SAN FRANCISCO TELIXTLAHUACA;20
SANTIAGO TENANGO;20
SAN PABLO HUITZO;20
SAN JUAN DEL ESTADO;20
MAGDALENA APASCO;20
SANTIAGO SUCHILQUITONGO;20
SAN JUAN BAUTISTA GUELACHE;20
REYES ETLA;20
NAZARENO ETLA;20
SAN ANDRÉS ZAUTLA;20
SAN AGUSTÍN ETLA;20
SOLEDAD ETLA;20
SANTO TOMÁS MAZALTEPEC;20
GUADALUPE ETLA;20
SAN PABLO ETLA;20
SAN FELIPE TEJALÁPAM;20
SAN LORENZO CACAOTEPEC;20
SANTA MARÍA PEÑOLES;20
SANTIAGO TLAZOYALTEPEC;20
TLALIXTAC DE CABRERA;20
SAN JACINTO AMILPAS;20
SAN ANDRÉS HUAYÁPAM;20
SAN AGUSTÍN YATARENI;20
SANTO DOMINGO TOMALTEPEC;20
SANTA MARÍA DEL TULE;20
SAN JUAN BAUTISTA TUXTEPEC;20
LOMA BONITA;20
SAN JOSÉ INDEPENDENCIA;20
COSOLAPA;20
ACATLÁN DE PÉREZ FIGUEROA;20
SAN MIGUEL SOYALTEPEC;20
AYOTZINTEPEC;20
SAN PEDRO IXCATLÁN;20
SAN JOSÉ CHILTEPEC;20
SAN FELIPE JALAPA DE DÍAZ;20
SANTA MARÍA JACATEPEC;20
SAN LUCAS OJITLÁN;20
SAN JUAN BAUTISTA VALLE NACIONAL;20
SAN FELIPE USILA;20
HUAUTLA DE JIMÉNEZ;20
SANTA MARÍA CHILCHOTLA;20
SANTA ANA ATEIXTLAHUACA;20
SAN LORENZO CUAUNECUILTITLA;20
SAN FRANCISCO HUEHUETLÁN;20
SAN PEDRO OCOPETATILLO;20
SANTA CRUZ ACATEPEC;20
ELOXOCHITLÁN DE FLORES MAGÓN;20
SANTIAGO TEXCALCINGO;20
TEOTITLÁN DE FLORES MAGÓN;20
SANTA MARÍA TEOPOXCO;20
SAN MARTÍN TOXPALAN;20
SAN JERÓNIMO TECÓATL;20
SANTA MARÍA LA ASUNCIÓN;20
HUAUTEPEC;20
SAN JUAN COATZÓSPAM;20
SAN LUCAS ZOQUIÁPAM;20
SAN ANTONIO NANAHUATÍPAM;20
SAN JOSÉ TENANGO;20
SAN MATEO YOLOXOCHITLÁN;20
SAN BARTOLOMÉ AYAUTLA;20
MAZATLÁN VILLA DE FLORES;20
SAN JUAN DE LOS CUÉS;20
SANTA MARÍA TECOMAVACA;20
SANTA MARÍA IXCATLÁN;20
SAN JUAN BAUTISTA CUICATLÁN;20
CUYAMECALCO VILLA DE ZARAGOZA;20
SANTA ANA CUAUHTÉMOC;20
CHIQUIHUITLÁN DE BENITO JUÁREZ;20
SAN PEDRO TEUTILA;20
SAN MIGUEL SANTA FLOR;20
SANTA MARÍA TLALIXTAC;20
SAN ANDRÉS TEOTILÁLPAM;20
SAN FRANCISCO CHAPULAPA;20
CONCEPCIÓN PÁPALO;20
SANTOS REYES PÁPALO;20
SAN JUAN BAUTISTA TLACOATZINTEPEC;20
SANTA MARÍA PÁPALO;20
SAN JUAN TEPEUXILA;20
SAN PEDRO SOCHIÁPAM;20
VALERIO TRUJANO;20
SAN PEDRO JOCOTIPAC;20
SANTA MARÍA TEXCATITLÁN;20
SAN PEDRO JALTEPETONGO;20
SANTIAGO NACALTEPEC;20
NATIVIDAD;20
SAN JUAN QUIOTEPEC;20
SAN PEDRO YÓLOX;20
SANTIAGO COMALTEPEC;20
ABEJONES;20
SAN PABLO MACUILTIANGUIS;20
IXTLÁN DE JUÁREZ;20
SAN JUAN ATEPEC;20
SAN PEDRO YANERI;20
SAN MIGUEL ALOÁPAM;20
TEOCOCUILCO DE MARCOS PÉREZ;20
SANTA ANA YARENI;20
SAN JUAN EVANGELISTA ANALCO;20
SANTA MARÍA JALTIANGUIS;20
SAN MIGUEL DEL RÍO;20
SAN JUAN CHICOMEZÚCHIL;20
CAPULÁLPAM DE MÉNDEZ;20
NUEVO ZOQUIÁPAM;20
SANTIAGO XIACUÍ;20
GUELATAO DE JUÁREZ;20
SANTA CATARINA IXTEPEJI;20
SAN MIGUEL YOTAO;20
SANTA CATARINA LACHATAO;20
SAN MIGUEL AMATLÁN;20
SANTA MARÍA YAVESÍA;20
SANTIAGO LAXOPA;20
SAN ILDEFONSO VILLA ALTA;20
SANTIAGO CAMOTLÁN;20
SAN JUAN YAEÉ;20
SANTIAGO LALOPA;20
SAN JUAN YATZONA;20
VILLA TALEA DE CASTRO;20
TANETZE DE ZARAGOZA;20
SAN JUAN JUQUILA VIJANOS;20
SAN CRISTÓBAL LACHIRIOAG;20
SANTA MARÍA TEMAXCALAPA;20
SANTO DOMINGO ROAYAGA;20
SANTA MARÍA YALINA;20
SAN ANDRÉS SOLAGA;20
SAN JUAN TABAÁ;20
SAN MELCHOR BETAZA;20
SAN ANDRÉS YAÁ;20
SAN BARTOLOMÉ ZOOGOCHO;20
SAN BALTAZAR YATZACHI EL BAJO;20
SANTIAGO ZOOCHILA;20
VILLA HIDALGO;20
SAN FRANCISCO CAJONOS;20
SAN MATEO CAJONOS;20
SAN PEDRO CAJONOS;20
SANTO DOMINGO XAGACÍA;20
SAN PABLO YAGANIZA;20
SANTIAGO CHOÁPAM;20
SANTIAGO JOCOTEPEC;20
SAN JUAN LALANA;20
SANTIAGO YAVEO;20
SAN JUAN PETLAPA;20
SAN JUAN COMALTEPEC;20
HEROICA CIUDAD DE HUAJUAPAN DE LEÓN;20
SANTIAGO CHAZUMBA;20
COSOLTEPEC;20
SAN PEDRO Y SAN PABLO TEQUIXTEPEC;20
SAN JUAN BAUTISTA SUCHITEPEC;20
SANTA CATARINA ZAPOQUILA;20
SANTIAGO MILTEPEC;20
SAN JERÓNIMO SILACAYOAPILLA;20
ZAPOTITLÁN PALMAS;20
SAN ANDRÉS DINICUITI;20
SANTIAGO CACALOXTEPEC;20
ASUNCIÓN CUYOTEPEJI;20
SANTA MARÍA CAMOTLÁN;20
SANTIAGO HUAJOLOTITLÁN;20
SANTIAGO TAMAZOLA;20
SAN JUAN CIENEGUILLA;20
ZAPOTITLÁN LAGUNAS;20
SAN JUAN IHUALTEPEC;20
SAN NICOLÁS HIDALGO;20
GUADALUPE DE RAMÍREZ;20
SAN ANDRÉS TEPETLAPA;20
SAN MIGUEL AHUEHUETITLÁN;20
SAN MATEO NEJÁPAM;20
SAN JUAN BAUTISTA TLACHICHILCO;20
TEZOATLÁN DE SEGURA Y LUNA;20
FRESNILLO DE TRUJANO;20
SANTIAGO AYUQUILILLA;20
SAN JOSÉ AYUQUILA;20
SAN MARTÍN ZACATEPEC;20
SAN MIGUEL AMATITLÁN;20
MARISCALA DE JUÁREZ;20
SANTA CRUZ TACACHE DE MINA;20
SAN SIMÓN ZAHUATLÁN;20
SAN MARCOS ARTEAGA;20
SAN JORGE NUCHITA;20
SANTOS REYES YUCUNÁ;20
SANTO DOMINGO TONALÁ;20
SANTO DOMINGO YODOHINO;20
SAN JUAN BAUTISTA COIXTLAHUACA;20
TEPELMEME VILLA DE MORELOS;20
CONCEPCIÓN BUENAVISTA;20
SANTIAGO IHUITLÁN PLUMAS;20
TLACOTEPEC PLUMAS;20
SAN FRANCISCO TEOPAN;20
SANTA MAGDALENA JICOTLÁN;20
SAN MATEO TLAPILTEPEC;20
SAN MIGUEL TEQUIXTEPEC;20
SAN MIGUEL TULANCINGO;20
SANTIAGO TEPETLAPA;20
SAN CRISTÓBAL SUCHIXTLAHUACA;20
SANTA MARÍA NATIVITAS;20
SILACAYOÁPAM;20
SANTIAGO YUCUYACHI;20
SAN LORENZO VICTORIA;20
SAN AGUSTÍN ATENANGO;20
CALIHUALÁ;20
SANTA CRUZ DE BRAVO;20
IXPANTEPEC NIEVES;20
SAN FRANCISCO TLAPANCINGO;20
SANTIAGO DEL RÍO;20
SAN PEDRO Y SAN PABLO TEPOSCOLULA;20
LA TRINIDAD VISTA HERMOSA;20
VILLA DE TAMAZULÁPAM DEL PROGRESO;20
SAN PEDRO NOPALA;20
TEOTONGO;20
SAN ANTONIO ACUTLA;20
VILLA TEJÚPAM DE LA UNIÓN;20
SANTO DOMINGO TONALTEPEC;20
VILLA DE CHILAPA DE DÍAZ;20
SAN ANTONINO MONTE VERDE;20
SAN ANDRÉS LAGUNAS;20
SAN PEDRO YUCUNAMA;20
SAN JUAN TEPOSCOLULA;20
SAN BARTOLO SOYALTEPEC;20
SANTIAGO YOLOMÉCATL;20
SAN SEBASTIÁN NICANANDUTA;20
SANTO DOMINGO TLATAYÁPAM;20
SANTA MARÍA NDUAYACO;20
SAN VICENTE NUÑÚ;20
SAN PEDRO TOPILTEPEC;20
SANTIAGO NEJAPILLA;20
ASUNCIÓN NOCHIXTLÁN;20
SAN MIGUEL HUAUTLA;20
SAN MIGUEL CHICAHUA;20
SANTA MARÍA APAZCO;20
SANTIAGO APOALA;20
SANTA MARÍA CHACHOÁPAM;20
SAN PEDRO COXCALTEPEC CÁNTAROS;20
SANTIAGO HUAUCLILLA;20
SANTO DOMINGO YANHUITLÁN;20
SAN ANDRÉS SINAXTLA;20
SAN JUAN YUCUITA;20
SAN JUAN SAYULTEPEC;20
SANTIAGO TILLO;20
SAN FRANCISCO CHINDÚA;20
SAN MATEO ETLATONGO;20
SANTA INÉS DE ZARAGOZA;20
SANTIAGO JUXTLAHUACA;20
SAN MIGUEL TLACOTEPEC;20
SAN SEBASTIÁN TECOMAXTLAHUACA;20
SANTOS REYES TEPEJILLO;20
SAN JUAN MIXTEPEC -DTO. 08 -;20
SAN MARTÍN PERAS;20
COICOYÁN DE LAS FLORES;20
HEROICA CIUDAD DE TLAXIACO;20
SAN JUAN ÑUMÍ;20
SAN PEDRO MÁRTIR YUCUXACO;20
SAN MARTÍN HUAMELÚLPAM;20
SANTA CRUZ TAYATA;20
SANTIAGO NUNDICHE;20
SANTA MARÍA DEL ROSARIO;20
SAN JUAN ACHIUTLA;20
SANTA CATARINA TAYATA;20
SAN CRISTÓBAL AMOLTEPEC;20
SAN MIGUEL ACHIUTLA;20
SAN MARTÍN ITUNYOSO;20
MAGDALENA PEÑASCO;20
SAN BARTOLOMÉ YUCUAÑE;20
SANTA CRUZ NUNDACO;20
SAN AGUSTÍN TLACOTEPEC;20
SANTO TOMÁS OCOTEPEC;20
SAN ANTONIO SINICAHUA;20
SAN MATEO PEÑASCO;20
SANTA MARÍA TATALTEPEC;20
SAN PEDRO MOLINOS;20
SANTA MARÍA YOSOYÚA;20
SAN JUAN TEITA;20
MAGDALENA JALTEPEC;20
MAGDALENA YODOCONO DE PORFIRIO DÍAZ;20
SAN MIGUEL TECOMATLÁN;20
MAGDALENA ZAHUATLÁN;20
SAN FRANCISCO NUXAÑO;20
SAN PEDRO TIDAÁ;20
SAN FRANCISCO JALTEPETONGO;20
SANTIAGO TILANTONGO;20
SAN JUAN DIUXI;20
SAN ANDRÉS NUXIÑO;20
SAN JUAN TAMAZOLA;20
SANTO DOMINGO NUXAÁ;20
YUTANDUCHI DE GUERRERO;20
SAN PEDRO TEOZACOALCO;20
SAN MIGUEL PIEDRAS;20
SAN MATEO SINDIHUI;20
JUCHITÁN DE ZARAGOZA;20
CIUDAD IXTEPEC;20
EL ESPINAL;20
SANTO DOMINGO INGENIO;20
SANTA MARÍA XADANI;20
SANTIAGO NILTEPEC;20
SAN DIONISIO DEL MAR;20
ASUNCIÓN IXTALTEPEC;20
SAN FRANCISCO DEL MAR;20
UNIÓN HIDALGO;20
SAN MIGUEL CHIMALAPA;20
SANTO DOMINGO ZANATEPEC;20
REFORMA DE PINEDA;20
SAN FRANCISCO IXHUATÁN;20
SAN PEDRO TAPANATEPEC;20
CHAHUITES;20
SANTIAGO ZACATEPEC;20
SANTO DOMINGO TEPUXTEPEC;20
SAN JUAN COTZOCÓN;20
SAN JUAN MAZATLÁN;20
TOTONTEPEC VILLA DE MORELOS;20
MIXISTLÁN DE LA REFORMA;20
SANTA MARÍA TLAHUITOLTEPEC;20
SANTA MARÍA ALOTEPEC;20
SANTIAGO ATITLÁN;20
TAMAZULÁPAM DEL ESPÍRITU SANTO;20
SAN PEDRO Y SAN PABLO AYUTLA;20
SANTA MARÍA TEPANTLALI;20
SAN MIGUEL QUETZALTEPEC;20
ASUNCIÓN CACALOTEPEC;20
SAN PEDRO OCOTEPEC;20
SAN LUCAS CAMOTLÁN;20
SANTIAGO IXCUINTEPEC;20
MATÍAS ROMERO AVENDAÑO;20
SAN JUAN GUICHICOVI;20
SANTO DOMINGO PETAPA;20
SANTA MARÍA CHIMALAPA;20
SANTA MARÍA PETAPA;20
EL BARRIO DE LA SOLEDAD;20
TLACOLULA DE MATAMOROS;20
SAN SEBASTIÁN ABASOLO;20
VILLA DÍAZ ORDAZ;20
SANTA MARÍA GUELACÉ;20
TEOTITLÁN DEL VALLE;20
SAN FRANCISCO LACHIGOLÓ;20
SAN SEBASTIÁN TEITIPAC;20
SANTA ANA DEL VALLE;20
SAN PABLO VILLA DE MITLA;20
SANTIAGO MATATLÁN;20
SANTO DOMINGO ALBARRADAS;20
ROJAS DE CUAUHTÉMOC;20
SAN JUAN TEITIPAC;20
SANTA CRUZ PAPALUTLA;20
MAGDALENA TEITIPAC;20
SAN JERÓNIMO TLACOCHAHUAYA;20
SAN JUAN GUELAVÍA;20
SAN LUCAS QUIAVINÍ;20
SAN JUAN DEL RÍO;20
SAN BARTOLOMÉ QUIALANA;20
SAN LORENZO ALBARRADAS;20
SAN PEDRO TOTOLÁPAM;20
SAN PEDRO QUIATONI;20
SANTA MARÍA ZOQUITLÁN;20
SAN DIONISIO OCOTEPEC;20
SAN CARLOS YAUTEPEC;20
SAN JUAN JUQUILA MIXES;20
NEJAPA DE MADERO;20
SANTA ANA TAVELA;20
SAN JUAN LAJARCIA;20
SAN BARTOLO YAUTEPEC;20
SANTA MARÍA ECATEPEC;20
ASUNCIÓN TLACOLULITA;20
SAN PEDRO MÁRTIR QUIECHAPA;20
SANTA MARÍA QUIEGOLANI;20
SANTA CATARINA QUIOQUITANI;20
SANTA CATALINA QUIERÍ;20
SALINA CRUZ;20
SANTIAGO LACHIGUIRI;20
SANTA MARÍA JALAPA DEL MARQUÉS;20
SANTA MARÍA TOTOLAPILLA;20
SANTIAGO LAOLLAGA;20
GUEVEA DE HUMBOLDT;20
SANTO DOMINGO CHIHUITÁN;20
SANTA MARÍA GUIENAGATI;20
MAGDALENA TEQUISISTLÁN;20
MAGDALENA TLACOTEPEC;20
SAN PEDRO COMITANCILLO;20
SANTA MARÍA MIXTEQUILLA;20
SANTO DOMINGO TEHUANTEPEC;20
SAN PEDRO HUAMELULA;20
SAN PEDRO HUILOTEPEC;20
SAN MATEO DEL MAR;20
SAN BLAS ATEMPA;20
SANTIAGO ASTATA;20
SAN MIGUEL TENANGO;20
MIAHUATLÁN DE PORFIRIO DÍAZ;20
SAN NICOLÁS;20
SAN SIMÓN ALMOLONGAS;20
SAN LUIS AMATLÁN;20
SAN JOSÉ LACHIGUIRI;20
SITIO DE XITLAPEHUA;20
SAN FRANCISCO LOGUECHE;20
SANTA ANA;20
SANTA CRUZ XITLA;20
MONJAS;20
SAN ILDEFONSO AMATLÁN;20
SANTA CATARINA CUIXTLA;20
SAN JOSÉ DEL PEÑASCO;20
SAN CRISTÓBAL AMATLÁN;20
SAN JUAN MIXTEPEC -DTO. 26 -;20
SAN PEDRO MIXTEPEC -DTO. 26 -;20
SANTA LUCÍA MIAHUATLÁN;20
SAN JERÓNIMO COATLÁN;20
SAN SEBASTIÁN COATLÁN;20
SAN PABLO COATLÁN;20
SAN MATEO RÍO HONDO;20
SANTO TOMÁS TAMAZULAPAN;20
SAN ANDRÉS PAXTLÁN;20
SANTA MARÍA OZOLOTEPEC;20
SAN MIGUEL COATLÁN;20
SAN SEBASTIÁN RÍO HONDO;20
SAN MIGUEL SUCHIXTEPEC;20
SANTO DOMINGO OZOLOTEPEC;20
SAN FRANCISCO OZOLOTEPEC;20
SANTIAGO XANICA;20
SAN MARCIAL OZOLOTEPEC;20
SAN JUAN OZOLOTEPEC;20
SAN PEDRO POCHUTLA;20
SANTO DOMINGO DE MORELOS;20
SANTA CATARINA LOXICHA;20
SAN AGUSTÍN LOXICHA;20
SAN BALTAZAR LOXICHA;20
SANTA MARÍA COLOTEPEC;20
SAN BARTOLOMÉ LOXICHA;20
SANTA MARÍA TONAMECA;20
CANDELARIA LOXICHA;20
PLUMA HIDALGO;20
SAN PEDRO EL ALTO;20
SAN MATEO PIÑAS;20
SANTA MARÍA HUATULCO;20
SAN MIGUEL DEL PUERTO;20
PUTLA VILLA DE GUERRERO;20
CONSTANCIA DEL ROSARIO;20
MESONES HIDALGO;20
SANTA MARÍA ZACATEPEC;20
SAN PEDRO AMUZGOS;20
LA REFORMA;20
SANTA MARÍA IPALAPA;20
CHALCATONGO DE HIDALGO;20
SANTA MARÍA YUCUHITI;20
SAN ESTEBAN ATATLAHUCA;20
SANTA CATARINA TICUÁ;20
SANTIAGO NUYOÓ;20
SANTA CATARINA YOSONOTÚ;20
SAN MIGUEL EL GRANDE;20
SANTO DOMINGO IXCATLÁN;20
SAN PABLO TIJALTEPEC;20
SANTA CRUZ TACAHUA;20
SANTA LUCÍA MONTEVERDE;20
SAN ANDRÉS CABECERA NUEVA;20
SANTA MARÍA YOLOTEPEC;20
SANTIAGO YOSONDÚA;20
SANTA CRUZ ITUNDUJIA;20
ZIMATLÁN DE ÁLVAREZ;20
SAN BERNARDO MIXTEPEC;20
SANTA CRUZ MIXTEPEC;20
SAN MIGUEL MIXTEPEC;20
SANTA MARÍA ATZOMPA;20
SAN ANDRÉS IXTLAHUACA;20
SANTA CRUZ AMILPAS;20
SANTA CRUZ XOXOCOTLÁN;20
SANTA LUCÍA DEL CAMINO;20
SAN PEDRO IXTLAHUACA;20
SAN ANTONIO DE LA CAL;20
SAN AGUSTÍN DE LAS JUNTAS;20
SAN PABLO HUIXTEPEC;20
ÁNIMAS TRUJANO;20
SAN JACINTO TLACOTEPEC;20
SAN RAYMUNDO JALPAN;20
TRINIDAD ZAACHILA;20
SANTA MARÍA COYOTEPEC;20
SAN BARTOLO COYOTEPEC;20
SANTA INÉS YATZECHE;20
CIÉNEGA DE ZIMATLÁN;20
SAN ANTONIO HUITEPEC;20
VILLA DE ZAACHILA;20
SAN SEBASTIÁN TUTLA;20
SAN MIGUEL PERAS;20
SAN PABLO CUATRO VENADOS;20
SANTA INÉS DEL MONTE;20
SANTA GERTRUDIS;20
SAN ANTONINO EL ALTO;20
MAGDALENA MIXTEPEC;20
SANTA CATARINA QUIANÉ;20
AYOQUEZCO DE ALDAMA;20
SANTA ANA TLAPACOYAN;20
SANTA CRUZ ZENZONTEPEC;20
SAN FRANCISCO CAHUACUÁ;20
SAN MATEO YUCUTINDOO;20
SANTIAGO TEXTITLÁN;20
SANTIAGO AMOLTEPEC;20
SANTA MARÍA ZANIZA;20
SANTO DOMINGO TEOJOMULCO;20
CUILÁPAM DE GUERRERO;20
VILLA SOLA DE VEGA;20
SANTA MARÍA LACHIXÍO;20
SAN VICENTE LACHIXÍO;20
SAN LORENZO TEXMELÚCAN;20
SANTA MARÍA SOLA;20
SAN FRANCISCO SOLA;20
SAN ILDEFONSO SOLA;20
SANTIAGO MINAS;20
HEROICA CIUDAD DE EJUTLA DE CRESPO;20
SAN MARTÍN TILCAJETE;20
SANTO TOMÁS JALIEZA;20
SAN JUAN CHILATECA;20
OCOTLÁN DE MORELOS;20
SANTA ANA ZEGACHE;20
SANTIAGO APÓSTOL;20
SAN ANTONINO CASTILLO VELASCO;20
ASUNCIÓN OCOTLÁN;20
SAN PEDRO MÁRTIR;20
SAN DIONISIO OCOTLÁN;20
MAGDALENA OCOTLÁN;20
SAN MIGUEL TILQUIÁPAM;20
SANTA CATARINA MINAS;20
SAN BALTAZAR CHICHICÁPAM;20
SAN PEDRO APÓSTOL;20
SANTA LUCÍA OCOTLÁN;20
SAN JERÓNIMO TAVICHE;20
SAN ANDRÉS ZABACHE;20
SAN JOSÉ DEL PROGRESO;20
YAXE;20
SAN PEDRO TAVICHE;20
SAN MARTÍN DE LOS CANSECOS;20
SAN MARTÍN LACHILÁ;20
LA PE;20
LA COMPAÑÍA;20
COATECAS ALTAS;20
SAN JUAN LACHIGALLA;20
SAN AGUSTÍN AMATENGO;20
TANICHE;20
SAN MIGUEL EJUTLA;20
YOGANA;20
SAN VICENTE COATLÁN;20
SANTIAGO PINOTEPA NACIONAL;20
SAN JUAN CACAHUATEPEC;20
SAN JUAN BAUTISTA LO DE SOTO;20
MÁRTIRES DE TACUBAYA;20
SAN SEBASTIÁN IXCAPA;20
SAN ANTONIO TEPETLAPA;20
SANTA MARÍA CORTIJO;20
SANTIAGO LLANO GRANDE;20
SAN MIGUEL TLACAMAMA;20
SANTIAGO TAPEXTLA;20
SAN JOSÉ ESTANCIA GRANDE;20
SANTO DOMINGO ARMENTA;20
SANTIAGO JAMILTEPEC;20
SAN PEDRO ATOYAC;20
SAN JUAN COLORADO;20
SANTIAGO IXTAYUTLA;20
SAN PEDRO JICAYÁN;20
PINOTEPA DE DON LUIS;20
SAN LORENZO;20
SAN AGUSTÍN CHAYUCO;20
SAN ANDRÉS HUAXPALTEPEC;20
SANTA CATARINA MECHOACÁN;20
SANTIAGO TETEPEC;20
SANTA MARÍA HUAZOLOTITLÁN;20
VILLA DE TUTUTEPEC;20
TATALTEPEC DE VALDÉS;20
SAN JUAN QUIAHIJE;20
SAN MIGUEL PANIXTLAHUACA;20
SANTA CATARINA JUQUILA;20
SAN PEDRO JUCHATENGO;20
SANTIAGO YAITEPEC;20
SAN JUAN LACHAO;20
SANTA MARÍA TEMAXCALTEPEC;20
SANTOS REYES NOPALA;20
SAN GABRIEL MIXTEPEC;20
SAN PEDRO MIXTEPEC -DTO. 22 -;20
PUEBLA;21
TLALTENANGO;21
SAN MIGUEL XOXTLA;21
JUAN C. BONILLA;21
CORONANGO;21
CUAUTLANCINGO;21
SAN PEDRO CHOLULA;21
SAN ANDRÉS CHOLULA;21
OCOYUCAN;21
AMOZOC;21
FRANCISCO Z. MENA;21
PANTEPEC;21
VENUSTIANO CARRANZA;21
JALPAN;21
TLAXCO;21
TLACUILOTEPEC;21
XICOTEPEC;21
PAHUATLÁN;21
HONEY;21
NAUPAN;21
HUAUCHINANGO;21
AHUAZOTEPEC;21
JUAN GALINDO;21
TLAOLA;21
ZIHUATEUTLA;21
JOPALA;21
TLAPACOYA;21
CHIGNAHUAPAN;21
ZACATLÁN;21
CHICONCUAUTLA;21
AHUACATLÁN;21
TEPETZINTLA;21
SAN FELIPE TEPATLÁN;21
AMIXTLÁN;21
TEPANGO DE RODRÍGUEZ;21
ZONGOZOTLA;21
HERMENEGILDO GALEANA;21
OLINTLA;21
COATEPEC;21
CAMOCUAUTLA;21
HUEYTLALPAN;21
ZAPOTITLÁN DE MÉNDEZ;21
HUITZILAN DE SERDÁN;21
XOCHITLÁN DE VICENTE SUÁREZ;21
HUEHUETLA;21
IXTEPEC;21
ATLEQUIZAYAN;21
TENAMPULCO;21
TUZAMAPAN DE GALEANA;21
CAXHUACAN;21
JONOTLA;21
ZOQUIAPAN;21
NAUZONTLA;21
CUETZALAN DEL PROGRESO;21
AYOTOXCO DE GUERRERO;21
HUEYTAMALCO;21
ACATENO;21
CUAUTEMPAN;21
AQUIXTLA;21
TETELA DE OCAMPO;21
XOCHIAPULCO;21
ZACAPOAXTLA;21
ZARAGOZA;21
IXTACAMAXTITLÁN;21
ZAUTLA;21
OCOTEPEC;21
LIBRES;21
TEZIUTLÁN;21
TLATLAUQUITEPEC;21
YAONÁHUAC;21
HUEYAPAN;21
TETELES DE ÁVILA CASTILLO;21
ATEMPAN;21
CHIGNAUTLA;21
XIUTETELCO;21
CUYOACO;21
TEPEYAHUALCO;21
SAN MARTÍN TEXMELUCAN;21
TLAHUAPAN;21
SAN MATÍAS TLALANCALECA;21
SAN SALVADOR EL VERDE;21
SAN FELIPE TEOTLALCINGO;21
CHIAUTZINGO;21
HUEJOTZINGO;21
DOMINGO ARENAS;21
CALPAN;21
SAN NICOLÁS DE LOS RANCHOS;21
ATLIXCO;21
NEALTICAN;21
SAN JERÓNIMO TECUANIPAN;21
SAN GREGORIO ATZOMPA;21
TOCHIMILCO;21
TIANGUISMANALCO;21
SANTA ISABEL CHOLULA;21
HUAQUECHULA;21
SAN DIEGO LA MESA TOCHIMILTZINGO;21
TEPEOJUMA;21
IZÚCAR DE MATAMOROS;21
ATZITZIHUACÁN;21
ACTEOPAN;21
COHUECAN;21
TEPEMAXALCO;21
TLAPANALÁ;21
TEPEXCO;21
TILAPA;21
CHIETLA;21
ATZALA;21
TEOPANTLÁN;21
SAN MARTÍN TOTOLTEPEC;21
XOCHILTEPEC;21
EPATLÁN;21
AHUATLÁN;21
COATZINGO;21
SANTA CATARINA TLALTEMPAN;21
CHIGMECATITLÁN;21
ZACAPALA;21
TEPEXI DE RODRÍGUEZ;21
TEOTLALCO;21
JOLALPAN;21
HUEHUETLÁN EL CHICO;21
CHIAUTLA;21
COHETZALA;21
XICOTLÁN;21
CHILA DE LA SAL;21
IXCAMILPA DE GUERRERO;21
ALBINO ZERTUCHE;21
TULCINGO;21
TEHUITZINGO;21
CUAYUCA DE ANDRADE;21
SANTA INÉS AHUATEMPAN;21
AXUTLA;21
CHINANTLA;21
AHUEHUETITLA;21
SAN PABLO ANICANO;21
TECOMATLÁN;21
PIAXTLA;21
GUADALUPE;21
IXCAQUIXTLA;21
COYOTEPEC;21
XAYACATLÁN DE BRAVO;21
TOTOLTEPEC DE GUERRERO;21
ACATLÁN;21
SAN JERÓNIMO XAYACATLÁN;21
SAN PEDRO YELOIXTLAHUACA;21
PETLALCINGO;21
SAN MIGUEL IXITLÁN;21
CHILA;21
RAFAEL LARA GRAJALES;21
SAN JOSÉ CHIAPA;21
ORIENTAL;21
SAN NICOLÁS BUENOS AIRES;21
GUADALUPE VICTORIA;21
TLACHICHUCA;21
LAFRAGUA;21
CHILCHOTLA;21
QUIMIXTLÁN;21
CHICHIQUILA;21
TEPATLAXCO DE HIDALGO;21
ACAJETE;21
NOPALUCAN;21
MAZAPILTEPEC DE JUÁREZ;21
SOLTEPEC;21
ACATZINGO;21
SAN SALVADOR EL SECO;21
GENERAL FELIPE ÁNGELES;21
ALJOJUCA;21
SAN JUAN ATENCO;21
TEPEACA;21
CUAUTINCHÁN;21
TECALI DE HERRERA;21
MIXTLA;21
SANTO TOMÁS HUEYOTLIPAN;21
TZICATLACOYAN;21
HUEHUETLÁN EL GRANDE;21
LA MAGDALENA TLATLAUQUITEPEC;21
SAN JUAN ATZOMPA;21
HUATLATLAUCA;21
LOS REYES DE JUÁREZ;21
CUAPIAXTLA DE MADERO;21
SAN SALVADOR HUIXCOLOTLA;21
QUECHOLAC;21
TECAMACHALCO;21
PALMAR DE BRAVO;21
CHALCHICOMULA DE SESMA;21
ATZITZINTLA;21
ESPERANZA;21
CAÑADA MORELOS;21
TLANEPANTLA;21
TOCHTEPEC;21
ATOYATEMPAN;21
TEPEYAHUALCO DE CUAUHTÉMOC;21
HUITZILTEPEC;21
MOLCAXAC;21
XOCHITLÁN TODOS SANTOS;21
YEHUALTEPEC;21
TLACOTEPEC DE BENITO JUÁREZ;21
JUAN N. MÉNDEZ;21
TEHUACÁN;21
TEPANCO DE LÓPEZ;21
CHAPULCO;21
SANTIAGO MIAHUATLÁN;21
NICOLÁS BRAVO;21
ATEXCAL;21
SAN ANTONIO CAÑADA;21
ZAPOTITLÁN;21
SAN GABRIEL CHILAC;21
CALTEPEC;21
VICENTE GUERRERO;21
AJALPAN;21
ELOXOCHITLÁN;21
ZOQUITLÁN;21
SAN SEBASTIÁN TLACOTEPEC;21
ALTEPEXI;21
ZINACATEPEC;21
SAN JOSÉ MIAHUATLÁN;21
COXCATLÁN;21
COYOMEAPAN;21
QUERÉTARO;22
EL MARQUÉS;22
COLÓN;22
PINAL DE AMOLES;22
JALPAN DE SERRA;22
LANDA DE MATAMOROS;22
ARROYO SECO;22
PEÑAMILLER;22
CADEREYTA DE MONTES;22
SAN JOAQUÍN;22
TOLIMÁN;22
EZEQUIEL MONTES;22
PEDRO ESCOBEDO;22
TEQUISQUIAPAN;22
SAN JUAN DEL RÍO;22
AMEALCO DE BONFIL;22
CORREGIDORA;22
HUIMILPAN;22
OTHÓN P. BLANCO;23
FELIPE CARRILLO PUERTO;23
LÁZARO CÁRDENAS;23
ISLA MUJERES;23
BENITO JUÁREZ;23
PUERTO MORELOS;23
COZUMEL;23
SOLIDARIDAD;23
TULUM;23
JOSÉ MARÍA MORELOS;23
BACALAR;23
SAN LUIS POTOSÍ;24
SOLEDAD DE GRACIANO SÁNCHEZ;24
CERRO DE SAN PEDRO;24
AHUALULCO;24
MEXQUITIC DE CARMONA;24
VILLA DE ARRIAGA;24
VANEGAS;24
CEDRAL;24
CATORCE;24
CHARCAS;24
SALINAS;24
SANTO DOMINGO;24
VILLA DE RAMOS;24
MATEHUALA;24
VILLA DE LA PAZ;24
VILLA DE GUADALUPE;24
GUADALCÁZAR;24
MOCTEZUMA;24
VENADO;24
VILLA DE ARISTA;24
VILLA HIDALGO;24
ARMADILLO DE LOS INFANTE;24
CIUDAD VALLES;24
EBANO;24
TAMUÍN;24
EL NARANJO;24
CIUDAD DEL MAÍZ;24
ALAQUINES;24
CÁRDENAS;24
CERRITOS;24
VILLA JUÁREZ;24
SAN NICOLÁS TOLENTINO;24
VILLA DE REYES;24
ZARAGOZA;24
SANTA MARÍA DEL RÍO;24
TIERRA NUEVA;24
RIOVERDE;24
CIUDAD FERNÁNDEZ;24
SAN CIRO DE ACOSTA;24
TAMASOPO;24
RAYÓN;24
AQUISMÓN;24
LAGUNILLAS;24
SANTA CATARINA;24
TANCANHUITZ;24
TANLAJÁS;24
SAN VICENTE TANCUAYALAB;24
SAN ANTONIO;24
TANQUIÁN DE ESCOBEDO;24
TAMPAMOLÓN CORONA;24
COXCATLÁN;24
HUEHUETLÁN;24
XILITLA;24
AXTLA DE TERRAZAS;24
TAMPACÁN;24
SAN MARTÍN CHALCHICUAUTLA;24
TAMAZUNCHALE;24
MATLAPA;24
CULIACÁN;25
NAVOLATO;25
BADIRAGUATO;25
COSALÁ;25
MOCORITO;25
GUASAVE;25
AHOME;25
SALVADOR ALVARADO;25
ANGOSTURA;25
CHOIX;25
EL FUERTE;25
SINALOA;25
MAZATLÁN;25
ESCUINAPA;25
CONCORDIA;25
ELOTA;25
ROSARIO;25
SAN IGNACIO;25
HERMOSILLO;26
SAN MIGUEL DE HORCASITAS;26
CARBÓ;26
SAN LUIS RÍO COLORADO;26
PUERTO PEÑASCO;26
GENERAL PLUTARCO ELÍAS CALLES;26
CABORCA;26
ALTAR;26
TUBUTAMA;26
ATIL;26
OQUITOA;26
SÁRIC;26
BENJAMÍN HILL;26
TRINCHERAS;26
PITIQUITO;26
NOGALES;26
IMURIS;26
SANTA CRUZ;26
MAGDALENA;26
NACO;26
AGUA PRIETA;26
FRONTERAS;26
NACOZARI DE GARCÍA;26
BAVISPE;26
BACERAC;26
HUACHINERA;26
NÁCORI CHICO;26
GRANADOS;26
BACADÉHUACHI;26
CUMPAS;26
HUÁSABAS;26
MOCTEZUMA;26
VILLA HIDALGO;26
SANTA ANA;26
CANANEA;26
ARIZPE;26
CUCURPE;26
BACOACHI;26
SAN PEDRO DE LA CUEVA;26
DIVISADEROS;26
TEPACHE;26
VILLA PESQUEIRA;26
OPODEPE;26
HUÉPAC;26
BANÁMICHI;26
URES;26
ACONCHI;26
BAVIÁCORA;26
SAN FELIPE DE JESÚS;26
RAYÓN;26
CAJEME;26
NAVOJOA;26
HUATABAMPO;26
BÁCUM;26
ETCHOJOA;26
BENITO JUÁREZ;26
EMPALME;26
GUAYMAS;26
SAN IGNACIO RÍO MUERTO;26
LA COLORADA;26
MAZATÁN;26
SUAQUI GRANDE;26
SAHUARIPA;26
SAN JAVIER;26
SOYOPA;26
BACANORA;26
ARIVECHI;26
ROSARIO;26
QUIRIEGO;26
ÓNAVAS;26
ÁLAMOS;26
YÉCORA;26
CENTRO;27
JALPA DE MÉNDEZ;27
NACAJUCA;27
COMALCALCO;27
HUIMANGUILLO;27
CÁRDENAS;27
PARAÍSO;27
CUNDUACÁN;27
MACUSPANA;27
CENTLA;27
JONUTA;27
TEAPA;27
JALAPA;27
TACOTALPA;27
TENOSIQUE;27
BALANCÁN;27
EMILIANO ZAPATA;27
VICTORIA;28
LLERA;28
GÜÉMEZ;28
CASAS;28
MATAMOROS;28
VALLE HERMOSO;28
SAN FERNANDO;28
CRUILLAS;28
SAN NICOLÁS;28
SOTO LA MARINA;28
JIMÉNEZ;28
SAN CARLOS;28
ABASOLO;28
PADILLA;28
HIDALGO;28
MAINERO;28
VILLAGRÁN;28
TULA;28
JAUMAVE;28
MIQUIHUANA;28
BUSTAMANTE;28
PALMILLAS;28
OCAMPO;28
NUEVO LAREDO;28
MIGUEL ALEMÁN;28
GUERRERO;28
MIER;28
GUSTAVO DÍAZ ORDAZ;28
CAMARGO;28
REYNOSA;28
RÍO BRAVO;28
MÉNDEZ;28
BURGOS;28
TAMPICO;28
CIUDAD MADERO;28
ALTAMIRA;28
ALDAMA;28
GONZÁLEZ;28
XICOTÉNCATL;28
GÓMEZ FARÍAS;28
EL MANTE;28
ANTIGUO MORELOS;28
NUEVO MORELOS;28
TLAXCALA;29
IXTACUIXTLA DE MARIANO MATAMOROS;29
SANTA ANA NOPALUCAN;29
PANOTLA;29
TOTOLAC;29
TEPEYANCO;29
SANTA ISABEL XILOXOXTLA;29
SAN JUAN HUACTZINCO;29
CALPULALPAN;29
SANCTÓRUM DE LÁZARO CÁRDENAS;29
BENITO JUÁREZ;29
HUEYOTLIPAN;29
TLAXCO;29
NANACAMILPA DE MARIANO ARISTA;29
ESPAÑITA;29
APIZACO;29
ATLANGATEPEC;29
MUÑOZ DE DOMINGO ARENAS;29
TETLA DE LA SOLIDARIDAD;29
XALTOCAN;29
SAN LUCAS TECOPILCO;29
YAUHQUEMEHCAN;29
XALOZTOC;29
TOCATLÁN;29
TZOMPANTEPEC;29
SAN JOSÉ TEACALCO;29
HUAMANTLA;29
TERRENATE;29
LÁZARO CÁRDENAS;29
EMILIANO ZAPATA;29
ATLTZAYANCA;29
CUAPIAXTLA;29
EL CARMEN TEQUEXQUITLA;29
IXTENCO;29
ZILTLALTÉPEC DE TRINIDAD SÁNCHEZ SANTOS;29
APETATITLÁN DE ANTONIO CARVAJAL;29
AMAXAC DE GUERRERO;29
SANTA CRUZ TLAXCALA;29
CUAXOMULCO;29
CONTLA DE JUAN CUAMATZI;29
TEPETITLA DE LARDIZÁBAL;29
NATÍVITAS;29
SANTA APOLONIA TEACALCO;29
TETLATLAHUCA;29
SAN DAMIÁN TEXÓLOC;29
SAN JERÓNIMO ZACUALPAN;29
ZACATELCO;29
SAN LORENZO AXOCOMANITLA;29
SANTA CATARINA AYOMETLA;29
XICOHTZINCO;29
PAPALOTLA DE XICOHTÉNCATL;29
CHIAUTEMPAN;29
LA MAGDALENA TLALTELULCO;29
SAN FRANCISCO TETLANOHCAN;29
TEOLOCHOLCO;29
ACUAMANALA DE MIGUEL HIDALGO;29
SANTA CRUZ QUILEHTLA;29
MAZATECOCHCO DE JOSÉ MARÍA MORELOS;29
TENANCINGO;29
SAN PABLO DEL MONTE;29
XALAPA;30
TLALNELHUAYOCAN;30
XICO;30
IXHUACÁN DE LOS REYES;30
AYAHUALULCO;30
PEROTE;30
BANDERILLA;30
RAFAEL LUCIO;30
ACAJETE;30
LAS VIGAS DE RAMÍREZ;30
VILLA ALDAMA;30
TLACOLULAN;30
TONAYÁN;30
COACOATZINTLA;30
JILOTEPEC;30
NAOLINCO;30
MIAHUATLÁN;30
ACATLÁN;30
TEPETLÁN;30
JUCHIQUE DE FERRER;30
ALTO LUCERO DE GUTIÉRREZ BARRIOS;30
ACTOPAN;30
COATEPEC;30
TEOCELO;30
COSAUTLÁN DE CARVAJAL;30
EMILIANO ZAPATA;30
APAZAPAN;30
PUENTE NACIONAL;30
URSULO GALVÁN;30
PASO DE OVEJAS;30
LA ANTIGUA;30
VERACRUZ;30
PÁNUCO;30
PUEBLO VIEJO;30
TAMPICO ALTO;30
TEMPOAL;30
OZULUAMA DE MASCAREÑAS;30
TANTOYUCA;30
PLATÓN SÁNCHEZ;30
CHICONAMEL;30
CHALMA;30
CHONTLA;30
CITLALTÉPETL;30
IXCATEPEC;30
NARANJOS AMATLÁN;30
EL HIGO;30
CHINAMPA DE GOROSTIZA;30
TANTIMA;30
TAMALÍN;30
CERRO AZUL;30
TEPETZINTLA;30
TANCOCO;30
TAMIAHUA;30
HUAYACOCOTLA;30
ILAMATLÁN;30
ZONTECOMATLÁN DE LÓPEZ Y FUENTES;30
TEXCATEPEC;30
ZACUALPAN;30
BENITO JUÁREZ;30
TLACHICHILCO;30
IXHUATLÁN DE MADERO;30
CHICONTEPEC;30
ÁLAMO TEMAPACHE;30
TUXPAN;30
TIHUATLÁN;30
CASTILLO DE TEAYO;30
CAZONES DE HERRERA;30
ZOZOCOLCO DE HIDALGO;30
CHUMATLÁN;30
COXQUIHUI;30
MECATLÁN;30
FILOMENO MATA;30
COAHUITLÁN;30
COYUTLA;30
COATZINTLA;30
ESPINAL;30
POZA RICA DE HIDALGO;30
PAPANTLA;30
GUTIÉRREZ ZAMORA;30
TECOLUTLA;30
MARTÍNEZ DE LA TORRE;30
SAN RAFAEL;30
TLAPACOYAN;30
JALACINGO;30
ATZALAN;30
ALTOTONGA;30
LAS MINAS;30
TATATILA;30
TENOCHTITLÁN;30
NAUTLA;30
MISANTLA;30
LANDERO Y COSS;30
CHICONQUIACO;30
YECUATLA;30
COLIPA;30
VEGA DE ALATORRE;30
JALCOMULCO;30
TLALTETELA;30
TENAMPA;30
TOTUTLA;30
SOCHIAPA;30
TLACOTEPEC DE MEJÍA;30
HUATUSCO;30
CALCAHUALCO;30
ALPATLÁHUAC;30
COSCOMATEPEC;30
LA PERLA;30
CHOCAMÁN;30
TOMATLÁN;30
IXHUATLÁN DEL CAFÉ;30
TEPATLAXCO;30
COMAPA;30
ZENTLA;30
CAMARÓN DE TEJEDA;30
SOLEDAD DE DOBLADO;30
MANLIO FABIO ALTAMIRANO;30
JAMAPA;30
MEDELLÍN DE BRAVO;30
BOCA DEL RÍO;30
ORIZABA;30
RAFAEL DELGADO;30
MARIANO ESCOBEDO;30
IXHUATLANCILLO;30
ATZACAN;30
IXTACZOQUITLÁN;30
FORTÍN;30
CÓRDOBA;30
MALTRATA;30
NOGALES;30
RÍO BLANCO;30
CAMERINO Z. MENDOZA;30
AQUILA;30
ACULTZINGO;30
SOLEDAD ATZOMPA;30
HUILOAPAN DE CUAUHTÉMOC;30
TLAQUILPA;30
ASTACINGA;30
XOXOCOTLA;30
ATLAHUILCO;30
TEQUILA;30
SAN ANDRÉS TENEJAPAN;30
TLILAPAN;30
MAGDALENA;30
NARANJAL;30
COETZALA;30
OMEALCA;30
CUITLÁHUAC;30
CUICHAPA;30
YANGA;30
AMATLÁN DE LOS REYES;30
ATOYAC;30
PASO DEL MACHO;30
CARRILLO PUERTO;30
COTAXTLA;30
ZONGOLICA;30
TEHUIPANGO;30
MIXTLA DE ALTAMIRANO;30
LOS REYES;30
TEXHUACÁN;30
TEZONAPA;30
TIERRA BLANCA;30
TLALIXCOYAN;30
IGNACIO DE LA LLAVE;30
ALVARADO;30
LERDO DE TEJADA;30
TRES VALLES;30
CARLOS A. CARRILLO;30
COSAMALOAPAN DE CARPIO;30
IXMATLAHUACAN;30
ACULA;30
AMATITLÁN;30
TLACOTALPAN;30
SALTABARRANCA;30
OTATITLÁN;30
TLACOJALPAN;30
TUXTILLA;30
CHACALTIANGUIS;30
JOSÉ AZUETA;30
PLAYA VICENTE;30
SANTIAGO SOCHIAPAN;30
ISLA;30
JUAN RODRÍGUEZ CLARA;30
SAN ANDRÉS TUXTLA;30
SANTIAGO TUXTLA;30
ANGEL R. CABADA;30
HUEYAPAN DE OCAMPO;30
CATEMACO;30
SOTEAPAN;30
MECAYAPAN;30
TATAHUICAPAN DE JUÁREZ;30
PAJAPAN;30
CHINAMECA;30
ACAYUCAN;30
SAN JUAN EVANGELISTA;30
SAYULA DE ALEMÁN;30
OLUTA;30
SOCONUSCO;30
TEXISTEPEC;30
JÁLTIPAN;30
ZARAGOZA;30
OTEAPAN;30
COSOLEACAQUE;30
NANCHITAL DE LÁZARO CÁRDENAS DEL RÍO;30
IXHUATLÁN DEL SURESTE;30
MOLOACÁN;30
COATZACOALCOS;30
AGUA DULCE;30
MINATITLÁN;30
HIDALGOTITLÁN;30
JESÚS CARRANZA;30
LAS CHOAPAS;30
UXPANAPA;30
MÉRIDA;31
PROGRESO;31
CHICXULUB PUEBLO;31
IXIL;31
CONKAL;31
YAXKUKUL;31
HUNUCMÁ;31
UCÚ;31
KINCHIL;31
TETIZ;31
CELESTÚN;31
KANASÍN;31
TIMUCUY;31
ACANCEH;31
TIXPÉHUAL;31
UMÁN;31
TELCHAC PUEBLO;31
DZEMUL;31
TELCHAC PUERTO;31
CANSAHCAB;31
SINANCHÉ;31
YOBAÍN;31
MOTUL;31
BACA;31
MOCOCHÁ;31
MUXUPIP;31
CACALCHÉN;31
BOKOBÁ;31
TIXKOKOB;31
HOCTÚN;31
TAHMEK;31
DZIDZANTÚN;31
TEMAX;31
TEKANTÓ;31
TEYA;31
SUMA;31
TEPAKÁN;31
TEKAL DE VENEGAS;31
IZAMAL;31
HOCABÁ;31
XOCCHEL;31
SEYÉ;31
CUZAMÁ;31
HOMÚN;31
SANAHCAT;31
HUHÍ;31
DZILAM GONZÁLEZ;31
DZILAM DE BRAVO;31
PANABÁ;31
SAN FELIPE;31
BUCTZOTZ;31
SUCILÁ;31
CENOTILLO;31
DZONCAUICH;31
TUNKÁS;31
QUINTANA ROO;31
DZITÁS;31
KANTUNIL;31
SUDZAL;31
TEKIT;31
SOTUTA;31
TIZIMÍN;31
RÍO LAGARTOS;31
ESPITA;31
TEMOZÓN;31
CALOTMUL;31
TINUM;31
CHANKOM;31
CHICHIMILÁ;31
TIXCACALCUPUL;31
KAUA;31
CUNCUNUL;31
TEKOM;31
CHEMAX;31
VALLADOLID;31
UAYMA;31
MAXCANÚ;31
SAMAHIL;31
OPICHÉN;31
CHOCHOLÁ;31
KOPOMÁ;31
TECOH;31
ABALÁ;31
HALACHÓ;31
MUNA;31
SACALUM;31
MANÍ;31
DZAN;31
CHAPAB;31
TICUL;31
OXKUTZCAB;31
SANTA ELENA;31
MAMA;31
CHUMAYEL;31
MAYAPÁN;31
TEABO;31
CANTAMAYEC;31
YAXCABÁ;31
PETO;31
CHIKINDZONOT;31
TAHDZIÚ;31
TIXMEHUAC;31
CHACSINKÍN;31
TZUCACAB;31
TEKAX;31
AKIL;31
ZACATECAS;32
MORELOS;32
VETAGRANDE;32
CONCEPCIÓN DEL ORO;32
MELCHOR OCAMPO;32
MAZAPIL;32
EL SALVADOR;32
JUAN ALDAMA;32
MIGUEL AUZA;32
GENERAL FRANCISCO R. MURGUÍA;32
RÍO GRANDE;32
VILLA DE COS;32
CAÑITAS DE FELIPE PESCADOR;32
CALERA;32
PÁNUCO;32
GENERAL ENRIQUE ESTRADA;32
GUADALUPE;32
TRANCOSO;32
GENARO CODINA;32
CUAUHTÉMOC;32
OJOCALIENTE;32
GENERAL PÁNFILO NATERA;32
LUIS MOYA;32
LORETO;32
VILLA GONZÁLEZ ORTEGA;32
NORIA DE ÁNGELES;32
VILLA GARCÍA;32
PINOS;32
VILLA HIDALGO;32
FRESNILLO;32
SOMBRERETE;32
SAIN ALTO;32
VALPARAÍSO;32
CHALCHIHUITES;32
JIMÉNEZ DEL TEUL;32
JEREZ;32
MONTE ESCOBEDO;32
SUSTICACÁN;32
VILLANUEVA;32
TEPETONGO;32
EL PLATEADO DE JOAQUÍN AMARO;32
JALPA;32
TABASCO;32
HUANUSCO;32
TLALTENANGO DE SÁNCHEZ ROMÁN;32
MOMAX;32
ATOLINGA;32
TEPECHITLÁN;32
BENITO JUÁREZ;32
TEÚL DE GONZÁLEZ ORTEGA;32
SANTA MARÍA DE LA PAZ;32
TRINIDAD GARCÍA DE LA CADENA;32
MEZQUITAL DEL ORO;32
NOCHISTLÁN DE MEJÍA;32
APULCO;32
APOZOL;32
JUCHIPILA;32
MOYAHUA DE ESTRADA;32
DESCONOCIDO;33
